id,qname,heading,text,type,diagram,website,updated
,Standard_deviation,Standard_deviation,,Class,https://w3id.org/citydata/21972/v1/diagrams/Standard_deviation.dot.svg,<html><body><a href='https://w3id.org/citydata/21972/v1/Standard_deviation'>Web</a></body></html>,2026-08-12T15:07:41.538518
,Ordinal_scale,ordinal scale,,Class,https://w3id.org/citydata/21972/v1/diagrams/Ordinal_scale.dot.svg,<html><body><a href='https://w3id.org/citydata/21972/v1/Ordinal_scale'>Web</a></body></html>,2026-08-12T15:07:41.538518
,Parameter,Parameter,"Parameter is the Class of all  measures that can be made of a Population, both statistical, e.g., Mean, Standard_devation, and others, e.g., Cardinality, Sum.",Class,https://w3id.org/citydata/21972/v1/diagrams/Parameter.dot.svg,<html><body><a href='https://w3id.org/citydata/21972/v1/Parameter'>Web</a></body></html>,2026-08-12T15:07:41.538518
,Unit_division,unit division,,Class,https://w3id.org/citydata/21972/v1/diagrams/Unit_division.dot.svg,<html><body><a href='https://w3id.org/citydata/21972/v1/Unit_division'>Web</a></body></html>,2026-08-12T15:07:41.538518
,Measurement_scale_category,Measurement_scale_category,,Class,https://w3id.org/citydata/21972/v1/diagrams/Measurement_scale_category.dot.svg,<html><body><a href='https://w3id.org/citydata/21972/v1/Measurement_scale_category'>Web</a></body></html>,2026-08-12T15:07:41.538518
,Ordered_measurement_scale_category,Ordered_measurement_scale_category,,Class,https://w3id.org/citydata/21972/v1/diagrams/Ordered_measurement_scale_category.dot.svg,<html><body><a href='https://w3id.org/citydata/21972/v1/Ordered_measurement_scale_category'>Web</a></body></html>,2026-08-12T15:07:41.538518
,Feature,Feature,,Class,https://w3id.org/citydata/21972/v1/diagrams/Feature.dot.svg,<html><body><a href='https://w3id.org/citydata/21972/v1/Feature'>Web</a></body></html>,2026-08-12T15:07:41.538518
,Sample,Sample,,Class,https://w3id.org/citydata/21972/v1/diagrams/Sample.dot.svg,<html><body><a href='https://w3id.org/citydata/21972/v1/Sample'>Web</a></body></html>,2026-08-12T15:07:41.538518
,Cardinality,Cardinality,"Cardinality of the Population.
Note that there is no property that links Cardinality to a Variable.",Class,https://w3id.org/citydata/21972/v1/diagrams/Cardinality.dot.svg,<html><body><a href='https://w3id.org/citydata/21972/v1/Cardinality'>Web</a></body></html>,2026-08-12T15:07:41.538518
,Compound_unit,compound unit,,Class,https://w3id.org/citydata/21972/v1/diagrams/Compound_unit.dot.svg,<html><body><a href='https://w3id.org/citydata/21972/v1/Compound_unit'>Web</a></body></html>,2026-08-12T15:07:41.538518
,Measurement_scale,measurement scale,"Measurement scales are concepts used for the expression of quantities. Four types of measurement scales are: nominal scales, ordinal scales, interval scales and ratio scales. The latter two scales are also called cardinal scales. An example of a scale is the Celsius scale, a temperature scale.",Class,https://w3id.org/citydata/21972/v1/diagrams/Measurement_scale.dot.svg,<html><body><a href='https://w3id.org/citydata/21972/v1/Measurement_scale'>Web</a></body></html>,2026-08-12T15:07:41.538518
,Binary_prefix,Binary_prefix,,Class,https://w3id.org/citydata/21972/v1/diagrams/Binary_prefix.dot.svg,<html><body><a href='https://w3id.org/citydata/21972/v1/Binary_prefix'>Web</a></body></html>,2026-08-12T15:07:41.538518
,Quantity,quantity,"A quantity is a representation of a quantifiable (standardized) aspect (such as length, mass, and time) of a phenomenon (e.g., a star, food, or a molecule). Quantities are classified according to similarity in (implicit) metrological aspect, e.g. the length of my speedboat and the length of my racing car are classified as length.",Class,https://w3id.org/citydata/21972/v1/diagrams/Quantity.dot.svg,<html><body><a href='https://w3id.org/citydata/21972/v1/Quantity'>Web</a></body></html>,2026-08-12T15:07:41.538518
,Sample_standard_deviation,Sample_standard_deviation,,Class,https://w3id.org/citydata/21972/v1/diagrams/Sample_standard_deviation.dot.svg,<html><body><a href='https://w3id.org/citydata/21972/v1/Sample_standard_deviation'>Web</a></body></html>,2026-08-12T15:07:41.538518
,Mean,Mean,Mean represents the mean value of a property all members of the Population have and is specified by the parameter_of_var property.,Class,https://w3id.org/citydata/21972/v1/diagrams/Mean.dot.svg,<html><body><a href='https://w3id.org/citydata/21972/v1/Mean'>Web</a></body></html>,2026-08-12T15:07:41.538518
,Sum,Sum,Sum defines the sum over a variable possessed by members of the Population.,Class,https://w3id.org/citydata/21972/v1/diagrams/Sum.dot.svg,<html><body><a href='https://w3id.org/citydata/21972/v1/Sum'>Web</a></body></html>,2026-08-12T15:07:41.538518
,Statistic,Statistic,,Class,https://w3id.org/citydata/21972/v1/diagrams/Statistic.dot.svg,<html><body><a href='https://w3id.org/citydata/21972/v1/Statistic'>Web</a></body></html>,2026-08-12T15:07:41.538518
,Fixed_zero_point,fixed zero point,,Class,https://w3id.org/citydata/21972/v1/diagrams/Fixed_zero_point.dot.svg,<html><body><a href='https://w3id.org/citydata/21972/v1/Fixed_zero_point'>Web</a></body></html>,2026-08-12T15:07:41.538518
,Indicator,Indicator,An indicator is a quantity that is a ratio of a numerator and denominator that are also quantities. It has a city and time period associated with it. The numerator and denominator quantities can have different units of measure. One example of a unit of measure is the size of a population. A population_cardinality_unit is defined to be an individual of a Cardinality_unit that is a subclass of a Singular_unit.,Class,https://w3id.org/citydata/21972/v1/diagrams/Indicator.dot.svg,<html><body><a href='https://w3id.org/citydata/21972/v1/Indicator'>Web</a></body></html>,2026-08-12T15:07:41.538518
,Sample_mean,Sample_mean,,Class,https://w3id.org/citydata/21972/v1/diagrams/Sample_mean.dot.svg,<html><body><a href='https://w3id.org/citydata/21972/v1/Sample_mean'>Web</a></body></html>,2026-08-12T15:07:41.538518
,ISO21972Thing,ISO21972Thing,A class used to organise all classes defined in the ISO 21972 ontology.,Class,https://w3id.org/citydata/21972/v1/diagrams/ISO21972Thing.dot.svg,<html><body><a href='https://w3id.org/citydata/21972/v1/ISO21972Thing'>Web</a></body></html>,2026-08-12T15:07:41.538518
,Application_area,Application_area,,Class,https://w3id.org/citydata/21972/v1/diagrams/Application_area.dot.svg,<html><body><a href='https://w3id.org/citydata/21972/v1/Application_area'>Web</a></body></html>,2026-08-12T15:07:41.538518
,Monetary_unit,Monetary_unit,,Class,https://w3id.org/citydata/21972/v1/diagrams/Monetary_unit.dot.svg,<html><body><a href='https://w3id.org/citydata/21972/v1/Monetary_unit'>Web</a></body></html>,2026-08-12T15:07:41.538518
,Singular_unit,Singular_unit,,Class,https://w3id.org/citydata/21972/v1/diagrams/Singular_unit.dot.svg,<html><body><a href='https://w3id.org/citydata/21972/v1/Singular_unit'>Web</a></body></html>,2026-08-12T15:07:41.538518
,SumIndicator,SumIndicator,Sum of term_1 and term_2 (term_1 + term_2),Class,https://w3id.org/citydata/21972/v1/diagrams/SumIndicator.dot.svg,<html><body><a href='https://w3id.org/citydata/21972/v1/SumIndicator'>Web</a></body></html>,2026-08-12T15:07:41.538518
,System_of_units,System_of_units,,Class,https://w3id.org/citydata/21972/v1/diagrams/System_of_units.dot.svg,<html><body><a href='https://w3id.org/citydata/21972/v1/System_of_units'>Web</a></body></html>,2026-08-12T15:07:41.538518
,Point,point,"A point is an element of an interval scale or a ratio scale, for example, 273.16 on the Kelvin scale indicates the triple point of water thermodynamic temperature.",Class,https://w3id.org/citydata/21972/v1/diagrams/Point.dot.svg,<html><body><a href='https://w3id.org/citydata/21972/v1/Point'>Web</a></body></html>,2026-08-12T15:07:41.538518
,Unit_exponentiation,unit exponentiation,,Class,https://w3id.org/citydata/21972/v1/diagrams/Unit_exponentiation.dot.svg,<html><body><a href='https://w3id.org/citydata/21972/v1/Unit_exponentiation'>Web</a></body></html>,2026-08-12T15:07:41.538518
,Population,Population,"The core class is the Population to be measured. A Population is linked to a parameter (e.g., mean, standard deviation, cardinality) by the is_described_by property, and the parameter is a sub class of Parameter. Depending on the subclass of Parameter, there is a reverse link back to the Population.
  
parameter links back to the using cardinality_of. parameter links back using the   property. parameter links back using the mean_of property.",Class,https://w3id.org/citydata/21972/v1/diagrams/Population.dot.svg,<html><body><a href='https://w3id.org/citydata/21972/v1/Population'>Web</a></body></html>,2026-08-12T15:07:41.538518
,SI_prefix,SI prefix,,Class,https://w3id.org/citydata/21972/v1/diagrams/SI_prefix.dot.svg,<html><body><a href='https://w3id.org/citydata/21972/v1/SI_prefix'>Web</a></body></html>,2026-08-12T15:07:41.538518
,Unit_multiple_or_submultiple,unit multiple or submultiple,,Class,https://w3id.org/citydata/21972/v1/diagrams/Unit_multiple_or_submultiple.dot.svg,<html><body><a href='https://w3id.org/citydata/21972/v1/Unit_multiple_or_submultiple'>Web</a></body></html>,2026-08-12T15:07:41.538518
,Sample_sum,Sample_sum,,Class,https://w3id.org/citydata/21972/v1/diagrams/Sample_sum.dot.svg,<html><body><a href='https://w3id.org/citydata/21972/v1/Sample_sum'>Web</a></body></html>,2026-08-12T15:07:41.538518
,DifferenceIndicator,DifferenceIndicator,Difference between term_1 and term_2 (term_1 - term_2),Class,https://w3id.org/citydata/21972/v1/diagrams/DifferenceIndicator.dot.svg,<html><body><a href='https://w3id.org/citydata/21972/v1/DifferenceIndicator'>Web</a></body></html>,2026-08-12T15:07:41.538518
,Variable,Variable,"The property that is being measured in the population.  Since Protege is not Full DL, cannot make the property a subclass of Variable, so have to specify it as a string name using has_Name.",Class,https://w3id.org/citydata/21972/v1/diagrams/Variable.dot.svg,<html><body><a href='https://w3id.org/citydata/21972/v1/Variable'>Web</a></body></html>,2026-08-12T15:07:41.538518
,Nominal_scale,nominal scale,,Class,https://w3id.org/citydata/21972/v1/diagrams/Nominal_scale.dot.svg,<html><body><a href='https://w3id.org/citydata/21972/v1/Nominal_scale'>Web</a></body></html>,2026-08-12T15:07:41.538518
,Ratio_scale,ratio scale,,Class,https://w3id.org/citydata/21972/v1/diagrams/Ratio_scale.dot.svg,<html><body><a href='https://w3id.org/citydata/21972/v1/Ratio_scale'>Web</a></body></html>,2026-08-12T15:07:41.538518
,Sample_cardinality,Sample_cardinality,,Class,https://w3id.org/citydata/21972/v1/diagrams/Sample_cardinality.dot.svg,<html><body><a href='https://w3id.org/citydata/21972/v1/Sample_cardinality'>Web</a></body></html>,2026-08-12T15:07:41.538518
,Distinct_count,Distinct_count,"Distinct_count class that is a Parameter that represents
         the number of distinct values of a property of the members of a
         Population",Class,https://w3id.org/citydata/21972/v1/diagrams/Distinct_count.dot.svg,<html><body><a href='https://w3id.org/citydata/21972/v1/Distinct_count'>Web</a></body></html>,2026-08-12T15:07:41.538518
,Measure,measure,"A measure combines a number to a unit of measure or an interval or ratio scale. For example, ""3 m"" is a measure.",Class,https://w3id.org/citydata/21972/v1/diagrams/Measure.dot.svg,<html><body><a href='https://w3id.org/citydata/21972/v1/Measure'>Web</a></body></html>,2026-08-12T15:07:41.538518
,Dimension,Dimension,,Class,https://w3id.org/citydata/21972/v1/diagrams/Dimension.dot.svg,<html><body><a href='https://w3id.org/citydata/21972/v1/Dimension'>Web</a></body></html>,2026-08-12T15:07:41.538518
,Phenomenon,phenomenon,"A phenomenon is the qualitative object (e.g., food, star, molecule) that has quantifiable (standardized) aspects (e.g, length, mass, time).",Class,https://w3id.org/citydata/21972/v1/diagrams/Phenomenon.dot.svg,<html><body><a href='https://w3id.org/citydata/21972/v1/Phenomenon'>Web</a></body></html>,2026-08-12T15:07:41.538518
,Prefix,prefix,"A prefix is a name that precedes a basic unit of measure to indicate a decimal multiple or fraction of the unit. Each prefix has a unique symbol that is prepended to the unit symbol. For example, an electric current of 0.000 000 001 ampere is written by using the SI-prefix nano as 1 nanoampere or 1 nA.",Class,https://w3id.org/citydata/21972/v1/diagrams/Prefix.dot.svg,<html><body><a href='https://w3id.org/citydata/21972/v1/Prefix'>Web</a></body></html>,2026-08-12T15:07:41.538518
,Interval_scale,interval scale,,Class,https://w3id.org/citydata/21972/v1/diagrams/Interval_scale.dot.svg,<html><body><a href='https://w3id.org/citydata/21972/v1/Interval_scale'>Web</a></body></html>,2026-08-12T15:07:41.538518
,Cardinal_scale,cardinal scale,,Class,https://w3id.org/citydata/21972/v1/diagrams/Cardinal_scale.dot.svg,<html><body><a href='https://w3id.org/citydata/21972/v1/Cardinal_scale'>Web</a></body></html>,2026-08-12T15:07:41.538518
,Vectorial_or_tensorial_character,Vectorial_or_tensorial_character,,Class,https://w3id.org/citydata/21972/v1/diagrams/Vectorial_or_tensorial_character.dot.svg,<html><body><a href='https://w3id.org/citydata/21972/v1/Vectorial_or_tensorial_character'>Web</a></body></html>,2026-08-12T15:07:41.538518
,Fixed_point,fixed point,,Class,https://w3id.org/citydata/21972/v1/diagrams/Fixed_point.dot.svg,<html><body><a href='https://w3id.org/citydata/21972/v1/Fixed_point'>Web</a></body></html>,2026-08-12T15:07:41.538518
,City,City,,Class,https://w3id.org/citydata/21972/v1/diagrams/City.dot.svg,<html><body><a href='https://w3id.org/citydata/21972/v1/City'>Web</a></body></html>,2026-08-12T15:07:41.538518
,Observation,Observation,,Class,https://w3id.org/citydata/21972/v1/diagrams/Observation.dot.svg,<html><body><a href='https://w3id.org/citydata/21972/v1/Observation'>Web</a></body></html>,2026-08-12T15:07:41.538518
,Unit_multiplication,unit multiplication,,Class,https://w3id.org/citydata/21972/v1/diagrams/Unit_multiplication.dot.svg,<html><body><a href='https://w3id.org/citydata/21972/v1/Unit_multiplication'>Web</a></body></html>,2026-08-12T15:07:41.538518
,Unit_of_measure,unit of measure,"A unit of measure is a definite magnitude of a quantity, defined and adopted by convention and/or by law. It is used as a standard for measurement of the same quantity, where any other value of the quantity can be expressed as a simple multiple of the unit of measure. For example, length is a quantity; the metre is a unit of length that represents a definite predetermined length. When we say 10 metre (or 10 m), we actually mean 10 times the definite predetermined length called ""metre"".",Class,https://w3id.org/citydata/21972/v1/diagrams/Unit_of_measure.dot.svg,<html><body><a href='https://w3id.org/citydata/21972/v1/Unit_of_measure'>Web</a></body></html>,2026-08-12T15:07:41.538518
,Cardinality_scale,Cardinality_scale,,Class,https://w3id.org/citydata/21972/v1/diagrams/Cardinality_scale.dot.svg,<html><body><a href='https://w3id.org/citydata/21972/v1/Cardinality_scale'>Web</a></body></html>,2026-08-12T15:07:41.538518
,RatioIndicator,RatioIndicator,,Class,https://w3id.org/citydata/21972/v1/diagrams/RatioIndicator.dot.svg,<html><body><a href='https://w3id.org/citydata/21972/v1/RatioIndicator'>Web</a></body></html>,2026-08-12T15:07:41.538518
,Cardinality_unit,Cardinality_unit,,Class,https://w3id.org/citydata/21972/v1/diagrams/Cardinality_unit.dot.svg,<html><body><a href='https://w3id.org/citydata/21972/v1/Cardinality_unit'>Web</a></body></html>,2026-08-12T15:07:41.538518
,iso21972ObjectProperty,iso21972ObjectProperty,An object property used to organise all object properties defined in the ISO 21972 ontology.,ObjectProperty,,<html><body><a href='https://w3id.org/citydata/21972/v1/iso21972ObjectProperty'>Web</a></body></html>,2026-08-12T15:07:41.538518
,base,base,,ObjectProperty,,<html><body><a href='https://w3id.org/citydata/21972/v1/base'>Web</a></body></html>,2026-08-12T15:07:41.538518
,base_quantity,base quantity,,ObjectProperty,,<html><body><a href='https://w3id.org/citydata/21972/v1/base_quantity'>Web</a></body></html>,2026-08-12T15:07:41.538518
,base_unit,base unit,,ObjectProperty,,<html><body><a href='https://w3id.org/citydata/21972/v1/base_unit'>Web</a></body></html>,2026-08-12T15:07:41.538518
,cardinality_of,cardinality_of,,ObjectProperty,,<html><body><a href='https://w3id.org/citydata/21972/v1/cardinality_of'>Web</a></body></html>,2026-08-12T15:07:41.538518
,defined_by,defined_by,,ObjectProperty,,<html><body><a href='https://w3id.org/citydata/21972/v1/defined_by'>Web</a></body></html>,2026-08-12T15:07:41.538518
,definition,definition,,ObjectProperty,,<html><body><a href='https://w3id.org/citydata/21972/v1/definition'>Web</a></body></html>,2026-08-12T15:07:41.538518
,denominator,denominator,,ObjectProperty,,<html><body><a href='https://w3id.org/citydata/21972/v1/denominator'>Web</a></body></html>,2026-08-12T15:07:41.538518
,derived_quantity,derived quantity,,ObjectProperty,,<html><body><a href='https://w3id.org/citydata/21972/v1/derived_quantity'>Web</a></body></html>,2026-08-12T15:07:41.538518
,description_of,description_of,,ObjectProperty,,<html><body><a href='https://w3id.org/citydata/21972/v1/description_of'>Web</a></body></html>,2026-08-12T15:07:41.538518
,distinct_count_of,distinct_count_of,,ObjectProperty,,<html><body><a href='https://w3id.org/citydata/21972/v1/distinct_count_of'>Web</a></body></html>,2026-08-12T15:07:41.538518
,element,element,,ObjectProperty,,<html><body><a href='https://w3id.org/citydata/21972/v1/element'>Web</a></body></html>,2026-08-12T15:07:41.538518
,for_city,for_city,,ObjectProperty,,<html><body><a href='https://w3id.org/citydata/21972/v1/for_city'>Web</a></body></html>,2026-08-12T15:07:41.538518
,for_time_interval,for_time_interval,,ObjectProperty,,<html><body><a href='https://w3id.org/citydata/21972/v1/for_time_interval'>Web</a></body></html>,2026-08-12T15:07:41.538518
,hasUnit,hasUnit,,ObjectProperty,,<html><body><a href='https://w3id.org/citydata/21972/v1/hasUnit'>Web</a></body></html>,2026-08-12T15:07:41.538518
,hasValue,hasValue,,ObjectProperty,,<html><body><a href='https://w3id.org/citydata/21972/v1/hasValue'>Web</a></body></html>,2026-08-12T15:07:41.538518
,has_characteristic,has_characteristic,,ObjectProperty,,<html><body><a href='https://w3id.org/citydata/21972/v1/has_characteristic'>Web</a></body></html>,2026-08-12T15:07:41.538518
,is_an_estimate_of,is_an_estimate_of,,ObjectProperty,,<html><body><a href='https://w3id.org/citydata/21972/v1/is_an_estimate_of'>Web</a></body></html>,2026-08-12T15:07:41.538518
,is_characteristic_of,is_characteristic_of,,ObjectProperty,,<html><body><a href='https://w3id.org/citydata/21972/v1/is_characteristic_of'>Web</a></body></html>,2026-08-12T15:07:41.538518
,is_composed_of,is_composed_of,,ObjectProperty,,<html><body><a href='https://w3id.org/citydata/21972/v1/is_composed_of'>Web</a></body></html>,2026-08-12T15:07:41.538518
,is_described_by,is_described_by,,ObjectProperty,,<html><body><a href='https://w3id.org/citydata/21972/v1/is_described_by'>Web</a></body></html>,2026-08-12T15:07:41.538518
,is_part_of,is_part_of,,ObjectProperty,,<html><body><a href='https://w3id.org/citydata/21972/v1/is_part_of'>Web</a></body></html>,2026-08-12T15:07:41.538518
,located_in,located_in,,ObjectProperty,,<html><body><a href='https://w3id.org/citydata/21972/v1/located_in'>Web</a></body></html>,2026-08-12T15:07:41.538518
,mean_of,mean_of,,ObjectProperty,,<html><body><a href='https://w3id.org/citydata/21972/v1/mean_of'>Web</a></body></html>,2026-08-12T15:07:41.538518
,measurement_scale,measurement scale,,ObjectProperty,,<html><body><a href='https://w3id.org/citydata/21972/v1/measurement_scale'>Web</a></body></html>,2026-08-12T15:07:41.538518
,member_of,member_of,,ObjectProperty,,<html><body><a href='https://w3id.org/citydata/21972/v1/member_of'>Web</a></body></html>,2026-08-12T15:07:41.538518
,numerator,numerator,,ObjectProperty,,<html><body><a href='https://w3id.org/citydata/21972/v1/numerator'>Web</a></body></html>,2026-08-12T15:07:41.538518
,parameter_of_var,parameter_of_var,,ObjectProperty,,<html><body><a href='https://w3id.org/citydata/21972/v1/parameter_of_var'>Web</a></body></html>,2026-08-12T15:07:41.538518
,phenomenon,phenomenon,,ObjectProperty,,<html><body><a href='https://w3id.org/citydata/21972/v1/phenomenon'>Web</a></body></html>,2026-08-12T15:07:41.538518
,prefix,prefix,,ObjectProperty,,<html><body><a href='https://w3id.org/citydata/21972/v1/prefix'>Web</a></body></html>,2026-08-12T15:07:41.538518
,singular_unit,singular unit,,ObjectProperty,,<html><body><a href='https://w3id.org/citydata/21972/v1/singular_unit'>Web</a></body></html>,2026-08-12T15:07:41.538518
,std_of,std_of,,ObjectProperty,,<html><body><a href='https://w3id.org/citydata/21972/v1/std_of'>Web</a></body></html>,2026-08-12T15:07:41.538518
,sum_of,sum_of,,ObjectProperty,,<html><body><a href='https://w3id.org/citydata/21972/v1/sum_of'>Web</a></body></html>,2026-08-12T15:07:41.538518
,term_1,term 1,,ObjectProperty,,<html><body><a href='https://w3id.org/citydata/21972/v1/term_1'>Web</a></body></html>,2026-08-12T15:07:41.538518
,term_2,term 2,,ObjectProperty,,<html><body><a href='https://w3id.org/citydata/21972/v1/term_2'>Web</a></body></html>,2026-08-12T15:07:41.538518
,unit_of_measure,unit of measure,For quantity classes this property indicates a commonly-used unit.,ObjectProperty,,<html><body><a href='https://w3id.org/citydata/21972/v1/unit_of_measure'>Web</a></body></html>,2026-08-12T15:07:41.538518
,value,value,,ObjectProperty,,<html><body><a href='https://w3id.org/citydata/21972/v1/value'>Web</a></body></html>,2026-08-12T15:07:41.538518
,zero_element,zero_element,,ObjectProperty,,<html><body><a href='https://w3id.org/citydata/21972/v1/zero_element'>Web</a></body></html>,2026-08-12T15:07:41.538518
,iso21972DataProperty,iso21972DataProperty,A data property used to organise all data properties defined in the ISO 21972 ontology.,DatatypeProperty,,<html><body><a href='https://w3id.org/citydata/21972/v1/iso21972DataProperty'>Web</a></body></html>,2026-08-12T15:07:41.538518
,exponent,exponent,,DatatypeProperty,,<html><body><a href='https://w3id.org/citydata/21972/v1/exponent'>Web</a></body></html>,2026-08-12T15:07:41.538518
,factor,factor,,DatatypeProperty,,<html><body><a href='https://w3id.org/citydata/21972/v1/factor'>Web</a></body></html>,2026-08-12T15:07:41.538518
,hasNumericalValue,hasNumericalValue,,DatatypeProperty,,<html><body><a href='https://w3id.org/citydata/21972/v1/hasNumericalValue'>Web</a></body></html>,2026-08-12T15:07:41.538518
,has_Name,has_Name,,DatatypeProperty,,<html><body><a href='https://w3id.org/citydata/21972/v1/has_Name'>Web</a></body></html>,2026-08-12T15:07:41.538518
,numerical_value,numerical value,,DatatypeProperty,,<html><body><a href='https://w3id.org/citydata/21972/v1/numerical_value'>Web</a></body></html>,2026-08-12T15:07:41.538518
,rank,rank,,DatatypeProperty,,<html><body><a href='https://w3id.org/citydata/21972/v1/rank'>Web</a></body></html>,2026-08-12T15:07:41.538518
,symbol,symbol,,DatatypeProperty,,<html><body><a href='https://w3id.org/citydata/21972/v1/symbol'>Web</a></body></html>,2026-08-12T15:07:41.538518
